,users
0, purplepanchiko 
1, SneakyPorcini 
2, eclecticmoss 
3, juls12341 
4, averyreiter 
5, shelbs999 
6, nemerlilly9 
7, vuksna 
8, helinmelon 
9, LichesNi 
10, Gaercita 
11, Kate Falconer 
12, Sammy_T_13 
13, megaroni69 
14, summermoon007 
15, jajajajab 
16, emeraldorchid 
17, piotrn 
18, futiledevices18 
19, Kassie 
20, ItsBrody12 
21, jackie 
22, Berenice Poe ‚äπ.ÀöüìΩÔ∏èüé¨üéûÔ∏èüïØÔ∏è‚ô° 
23, mavalina 
24, Visho 
25, JEFFREY HARSHMAN 
26, sarikantaron 
27, Emiliocandoit 
28, MrOakleaf 
29, Girimba1 
30, KostasAvramidis 
31, sebassq 
32, emr1066 
33, Luquemc 
34, belasbored 
35, GitarthaSarma 
36, jsantelli 
37, rrreiss121 
38, ryan 
39, tosbaainfinity 
40, Nerfraven27_ 
41, Donnellr 
42, Oxidaxvila 
43, chadattack 
44, ilike2poop 
45, saad777 
46, luis7cadena 
47, Hippolytedu14 
48, outof_bubblegum 
49, JeffPettit 
50, mckaymeach 
51, reidssz 
52, cashoutcanaan 
53, Sasman 
54, Laura 
55, egodeaf 
56, Mitchell 
57, Mikayla 
58, coopercolledge 
59, nkt35 
60, lemeims 
61, jm2710 
62, obasam101 
63, Danny 
64, Mcodnaldn 
65, Smithy372 
66, samaelONlbxd 
67, kevinkenntfilme 
68, cdm2411 
69, hanaaaaaaaaaaa 
70, KristiƒÅna 
71, michael_liq 
72, jmoney7666 
73, Lisssrot 
74, ASethu55 
75, szteszi 
76, Mamaamiaa 
77, spearcaster 
78, Corbinonthecob2 
79, Beltranmvz 
80, pablooooo04 
81, gavhyde 
82, stekan 
83, ToruMishima 
84, benzous_ 
85, tfsheridan 
86, Diegorabago98 
87, gaeloide 
88, ksbriz 
89, Yoldan04 
90, AnisN10 
91, ivannawatches 
92, logster14 
93, pochir 
94, ini_guti22 
95, Oƒüuz Nihat 
96, andrealoko_ 
97, danmozy 
98, rpgroover 
99, KingK007 
100, karilawler 
101, laughtonkc 
102, Ishmeet Singh 
103, sofianeovitch 
104, bentierney98 
105, gator1991 
106, Tsoinila 
107, robbyhaytayan 
108, m0vielovergirl 
109, randallpnkfloyd 
110, Kvisby 
111, Jeremy236 
112, oc_08 
113, John Fulton 
114, Nedfly 
115, manoloo69 
116, Thomas Stone 
117, kirby4 
118, mansu15 
119, korincica 
120, MaillliaM 
121, Doƒüukan Uysal 
122, chloe 
123, Tojo Clan 
124, LoganCouture 
125, dylangrundy 
126, gracerup 
127, LaelArMo92 
128, ac3rutledge 
129, kilinckaya 
130, jele24 
131, BreakBacksBilly 
132, Artyom Karpov 
133, TheoBada 
134, jordanwalkerr 
135, iamjokaa 
136, FilmowyMezok 
137, bailshalls23 
138, darrenmoran 
139, kitharrington 
140, eekerr20 
141, SCOTTYY 
142, wersonka 
143, TeamBloss 
144, marvinnz 
145, ottavia123 
146, Caleb Burdett 
147, edugarciaa 
148, tereahangover 
149, kcz21 
150, ilenias 
151, thony11 
152, arcticbearcat 
153, chirsch0812 
154, PetterRA 
155, fjeffrey 
156, nordlund 
157, Hatonte 
158, rjcondon 
159, whosrive 
160, lizreichman 
161, Lucasauro 
162, vanikhullar 
163, kajotass 
164, Maxial78 
165, Maksyma4 
166, glinskid 
167, ncclark71 
168, Jkrift 
169, JekPorkins1 
170, INAagnes 
171, 10UR 
172, emw99 
173, Josi 
174, yehudalh 
175, ebadksn 
176, MahFwend 
177, Dodouce 
178, thsoaress 
179, mattt0106 
180, hoechitecture 
181, averygrove 
182, AngelMtz505 
183, zavierm4 
184, slinkstone 
185, Hurb808 
186, claudsssssss 
187, Djh1998 
188, elle_de_vil 
189, √âdouard Moukori 
190, Kokkebaas 
191, catexplode 
192, Conor 
193, Kacperek1810 
194, Pippero15 
195, LLHH 
196, Abdou ch 
197, Prenay 
198, lucasgiura 
199, igbev 
200, beeflo 
201, tannerdelapp 
202, Jan_Bond 
203, LilOrangeJuice 
204, Testament_of_G 
205, oysteintd 
206, tiverin 
207, crabcakeapple90 
208, Jasper 
209, Panda17 
210, shoguns 
211, lamontl 
212, SlHoel 
213, pietrusz 
214, CLooos 
215, dwbryan44 
216, Benjamin 
217, waldorf_07 
218, Keybladeboi 
219, fuordimetafora 
220, bbbarros 
221, Gally95 
222, Diego_Dlp 
223, JudgeH 
224, Kiki 
225, joey 
226, Nakroma 
227, ArthurRimchob 
228, patrizia2675 
229, GidWillHunting 
230, beegRy 
231, Patrick 
232, Frallsmula 
233, Jakub Akonom 
234, aleksa_vip 
235, Guillaume 
236, ericlelea 
237, Gi0_0 
238, slbdnrstvsk 
239, rjsiii 
240, ÔΩ°ÔΩ•Àö:‚úß gen êôö ‚Äß‚ÇäÀö ‚ãÖ 
241, christoona 
242, PaulMedico 
243, RobertPalmer 
244, hazzmat23 
245, thidaphansen 
246, mattsielecki 
247, kenaan_ 
248, lollo03 
249, Tom Ryan 
250, mariaquintanalv 
251, Pietro Pavioni 
252, MatthiasMP4 
253, ahagge 
254, yurralrknow 
255, juliettemodave 
256, rachelblu 
257, Aldana 
258, MartaZiverte 
259, Ewan 
260, _OFH_ 
261, Markuss 
262, aimeendam 
263, Ollieyerbs 
264, gioiapicceni 
265, megimeg 
266, imcvay27 
267, sepehrous 
268, silentbob77 
269, felipebastso 
270, Maaz 
271, Zac Chizda 
272, ckleppe 
273, Zair444 
274, Stepman_1188 
275, peppus1667 
276, liatzs 
277, Kelly 
278, Ali Yaƒüƒ±z 
279, Patr√≠ciar Gomes 
280, amuller 
281, darraghc47 
282, Majovefilmy 
283, beth 
284, Rorywc 
285, Kathi 
286, Oscar DAVID 
287, Tudor Drobota 
288, stellagiaina 
289, Gabrpls 
290, JoePeck 
291, Dralo97 
292, craftykat8 
293, ukilledmef1rst 
294, cjroebuck 
295, t7no 
296, jendevita 
297, movieguy252 
298, Madirish1975 
299, KenK710 
300, Therealghyb 
301, biadelcorso 
302, hennywalker_ 
303, Nathi_ely 
304, Oktawian 
305, kischh 
306, joker_2 
307, JodieArx 
308, Tim George 
309, GuysCinema 
310, Derick1524 
311, mikearato 
312, Jess 
313, dpr2000 
314, seanlikemovies1 
315, _TommyG 
316, satian 
317, Papamoon90 
318, Faadil_S 
319, nyxtrea 
320, 885418782x1012 
321, Nihan 
322, jux4299 
323, Jaida Metwalli 
324, vtran7 
325, OddoRehakles 
326, DinoJoe20 
327, joebeckwith 
328, Samuel 
329, IanSchoenharl 
330, carygoates 
331, mfuchs2323 
332, yvl_sid 
333, darth_maulester 
334, blurev 
335, vio 
336, MackeyD 
337, brener420 
338, George_Feeny 
339, pabloox__ 
340, PippaE 
341, coleburl 
342, brumblebee4 
343, mads8855 
344, Ruusssoooo 
345, adam2793 
346, kylie88 
347, Lachlan Dawes 
348, ronanbaker 
349, oliviarenouf 
350, wojtekmich 
351, wstill 
352, beccywilliams 
353, georgegrigore 
354, dougsantosbs 
355, Chinolucki00 
356, Gail 
357, Alehnn 
358, Ryan 
359, squidward235 
360, Erdal Altuncu 
361, jsim14 
362, elliotmorg 
363, thea200 
364, AnKa13 
365, 7Kurosawa 
366, AlfonsoFranco 
367, Bellovddd 
368, Adamdaly231 
369, Jof Owen 
370, elibre 
371, rlona 
372, hadi 
373, cebeeezzz 
374, Sof√≠a 
375, maxoupicsous 
376, ùëöùëéùëüùë°ùëñ ùúóùúöÀö‚ãÜ 
377, caldersmall 
378, HarmD 
379, Dylan Smith 
380, Razvan-Andrei 
381, Lisa 
382, rosecain 
383, momomomete 
384, edchpl 
385, Dariusz Sikora 
386, jamessyy 
387, Ilesanmi Bamidele 
388, 302203 
389, Noah 
390, charleybaker 
391, awillim 
392, Beatriz 
393, arturolg 
394, genna_rasmussen 
395, Vanyokok 
396, calixoux 
397, samlloydwoods 
398, WatchBradley 
399, strawbarymilk 
400, Kyrkant 
401, gbemi13 
402, stinajosefins 
403, omatrizcinefilo 
404, harryestenson 
405, Lui Saint ziad 
406, sotirisss 
407, rickyrat96 
408, roxxy777 
409, Isaso 
410, supersupersnack 
411, Biffio 
412, orangepotatoes 
413, wilda 
414, Leandroep 
415, Leo 
416, Saul8 
417, cecsss 
418, erikeffectively 
419, DaniRguez_07 
420, Maurice_Levy 
421, catamiralles 
422, gunmanTV 
423, verygracer 
424, baqlav 
425, johnwatergun 
426, abbysandven 
427, t8thomas 
428, BaileyShafer 
429, ManuelsLBxd 
430, jakeandjas 
431, sjramirez 
432, p3nguin 
433, MichaelMissos 
434, evanrochford 
435, besucar 
436, remimarley 
437, silasclark11 
438, antlatorre 
439, Tiare 
440, shayestall 
441, FTGwynn 
442, AhmetEroglu 
443, DLPrice 
444, aeriall 
445, zeyadmoh 
446, bims33 
447, Jesse Whitten 
448, jvanwinkle98 
449, rafathecreator 
450, Hannah Glennie 
451, Pooben 
452, Dan Garc√≠a 
453, kbenny011 
454, parralitx 
455, starvidu 
456, Ailinfilm 
457, Coatyfashh 
458, thlm 
459, kotyaro508 
460, PaulSattler 
461, jrlmontejo 
462, fiat_panda 
463, Sam_Eccles 
464, Al_Pistachio 
465, billykentt 
466, Dunc614 
467, n 
468, gabrilice 
469, madibrianne 
470, JonathanCorr 
471, Rrlule 
472, micheleiuele_ 
473, SweetnLouu 
474, dolsen896 
475, Streeter29 
476, Skallen_ 
477, spam paper 
478, Dan_Martynov 
479, patkd 
480, dmenashe 
481, fiercefoster 
482, maslaw 
483, elhache 
484, burnskyc 
485, tylerjchristman 
486, xavierdelzotto 
487, movienn 
488, Ade üè¥Û†ÅßÛ†Å¢Û†Å•Û†ÅÆÛ†ÅßÛ†Åø 
489, abrowntown9 
490, Lars 
491, irishfanchad 
492, Gui_Yuuji 
493, jww2004 
494, pietrogargale06 
495, sanzsofi101 
496, coscu13 
497, carldaviews 
498, arisbeeth 
499, Danilo 
500, shutyourface 
501, iuduebo 
502, palwatcha 
503, sohrabslh 
504, MUSUCULALONG 
505, bensaliba 
506, nicorti 
507, Kotrayna 
508, Tom√°s 
509, lsthomp 
510, ilir_film 
511, wodkingston 
512, Buonavisione 
513, mulhersuperflua 
514, PaoloMonteverde 
515, atate888 
516, JoeDoozit 
517, hannahgrabby 
518, molly 
519, leandrovaz7 
520, MaddoxMarchello 
521, deseu 
522, bmcmaster1217 
523, beetle22 
524, filmJADAL 
525, willbones1 
526, ramzru 
527, David Fern√°ndez Garoz 
528, cheeks_ 
529, dsm1th90 
530, Navva 
531, isadmrr 
532, notkatiemae 
533, aaron1796 
534, Ridansyah Ilham Fahrezi 
535, Coltzin 
536, Reis 
537, JhoannAz 
538, envyemy 
539, OscartheBigO 
540, NO 
541, britmize 
542, Ahmad_Atrabolsi 
543, Felipe 
544, Shrinky11 
545, al_reid 
546, Jaida 
547, armyofangels 
548, danceintheedark 
549, 10to5Prod 
550, ClancyPants 
551, katie_mccole 
552, sdoherty34 
553, Kurien 
554, Caroline Oliveira 
555, moviebluff96 
556, Haley E. ùòóLacanica –º–æ—Çrynczuk 
557, DylanCara 
558, CamBolingo 
559, psarasjack 
560, XXelscorchioXX 
561, Mateus Becker Fr√∂hlich 
562, littleradio10 
563, collinfoster 
564, Ron Battiston 
565, colbybrunk6 
566, Sam 
567, laurelsarkaria 
568, ssscooney 
569, mattlabud 
570, bennettlc 
571, dannyway 
572, joipo12 
573, Thetvmoviequeen 
574, nicseguin 
575, Magnus HB 
576, dylanhaef 
577, Kiebz 
578, Thomas Hanrahan 
579, kelleyjames 
580, shzdshzd 
581, westerlyg 
582, matblack 
583, johnnytres 
584, noa 
585, EspressoTrident 
586, E 
587, Skyguy 
588, lbacc2 
589, Moohai 
590, Duda 
591, BigManBill 
592, shari_c 
593, moskwtz 
594, Lucas Pessoa 
595, Migmigs 
596, painaule 
597, demrenesim 
598, seth 
599, paolobord_ 
600, kissesforc 
601, elaine50 
602, drewn_ 
603, bettybuckeye 
604, heavennorhell 
605, meouwse 
606, Jovannaaaaaaaa 
607, scottdevore 
608, JayseanJaws 
609, gjsouth42 
610, pistaccio_ 
611, jarjums 
612, kimmycasillas 
613, MrVenus 
614, mikemacd 
615, cwickx 
616, BIG D BIG 
617, Soup_time69 
618, Gabriel Carelli 
619, notbrad7 
620, oisincollinss 
621, eliseduffy 
622, GabrielHousey 
623, stellakatz3 
624, jacklavin 
625, jessenakano 
626, olaba14 
627, danielflorez697 
628, SamFisher5 
629, Sani 
630, DeadpanDrip 
631, sauceburns 
632, Ollie 
633, carissanichols 
634, alonso1 
635, gurlsquirt 
636, KuyuButREAL 
637, RylanRicardo 
638, Vitoorr 
639, fatherally 
640, cloudychai 
641, OhioFeeder 
642, lmonahan0512 
643, DexterQueen2000 
644, TinosMovieTime 
645, yssmnn 
646, shetaquarium 
647, MDFDTjuszek 
648, lwiley2 
649, HonkAlondra 
650, Valeriagm09 
651, supadupahal 
652, KBM05 
653, melvet1 
654, tiboun 
655, tomfer 
656, agsmitty 
657, Alexis ca√±ete 
658, kellybucks 
659, briannahsharp 
660, ktlovespickles 
661, Beers_ 
662, belenrami 
663, keeganfong 
664, mrpf 
665, Armandi 
666, benjaminotoole 
667, Nickc1717 
668, mayahut 
669, Joe_the_Lion84 
670, penter555 
671, thisismichaels 
672, goldenslumbrs 
673, Nellieeeee 
674, oakes99 
675, lucrito 
676, jwiley9 
677, foggie66 
678, jdavis9200 
679, NoLetterAllBox 
680, DarealBevKing 
681, SupremeWeem 
682, dcoccaro 
683, smellyy 
684, jbadg 
685, alepaazm 
686, Ghaith2b 
687, lilypruszenski 
688, miquesy 
689, finncameron 
690, Rice_Muncher 
691, HannahHowell17 
692, pd_42 
693, reillyvicznesky 
694, Spud96 
695, dannayder 
696, BlackPhillip1 
697, KevinNoBacon 
698, Tyler G. 
699, kikih666 
700, Avi B 
701, Clara Jelenevsky 
702, Tysiis 
703, Monkscinema 
704, uncleharold 
705, tara 
706, nicholasronk 
707, Ramses1307 
708, liyahlaw 
709, Allie Miller 
710, steph 
711, vito2004 
712, sanpedroelmalo 
713, jacobH9 
714, michy14 
715, oCrizzl 
716, DavidZc 
717, bobbieb123 
718, Fred_Jacobs 
719, kelseytara 
720, carlitosinsano 
721, felixknows 
722, marlonsiyo 
723, angelreyes11 
724, rich 
725, jacktmeyer 
726, ammour 
727, rleo32 
728, NAHTANOJ1991 
729, rduke11 
730, DarrenRossi__ 
731, emiherrera 
732, tuerto26 
733, justin228 
734, devilsnewdrss 
735, mayhurtafly 
736, moneychomper 
737, Amy 
738, aTingeOfGinge 
739, ireland casey 
740, s0ofia 
741, thecarta 
742, SomeITGuy 
743, ethanmovies1 
744, tomassexton 
745, witterman 
746, swillson99 
747, MatthewJames199 
748, jaydenhinck 
749, vanish01 
750, InscutableRalf 
751, julietteduran11 
752, GABSmk2 
753, Gesiel Gomes Duarte 
754, garrett581 
755, madeleinekjr 
756, hwalden1222 
757, Omar Ventura 
758, nottylilmynx 
759, 17Iramirez1 
760, Ivn Manahan 
761, Vaqueroo 
762, el_dawg14 
763, Dan_yyd 
764, LoboFran 
765, Gabriel Aceituno 
766, pho_50 
767, brbi 
768, mx9mm 
769, dnnskn 
770, abincat 
771, ether1ng 
772, Matthag07 
773, marettalb 
774, Angelina 
775, mn_pony 
776, kanedlillian 
777, Arbsauce 
778, gabriellap117 
779, jaypatt16 
780, RossBelflower 
781, NJ 
782, nikyergo 
783, dullvague 
784, shaunp7 
785, jamiecara 
786, aylinaraiza 
787, sarmiento813 
788, monicahd 
789, andy470 
790, aarorui 
791, agd 
792, MoracaMovie 
793, tyoldroyd 
794, vanessablake 
795, astrochamomile 
796, couganblxck 
797, lottiemadz 
798, Ashleigh_Jade 
799, pillowtalkme 
800, SantoTapatio 
801, celiecita 
802, Gwen 
803, ClumpySclumpo 
804, eeeeek123 
805, MayCheshire 
806, Diegoatelli 
807, jds472 
808, Seeks24 
809, DylanKraus 
810, Ausl0 
811, SageKreger 
812, 2hadany 
813, KlutzDeluxe 
814, Corte_A14 
815, WilsonBryce 
